variante,cerradas_acc,cerradas_pts,citas_pts,recall,sin_respaldo,abstencion_pts,total_pts,respondidas,abstenciones,s_por_pregunta,errores_validacion
base,0.6666666666666666,13.33,15.77,0.7959,0.0037,7.91,37.010000000000005,50,0,8.78,0
thinking,0.6666666666666666,13.33,15.77,0.7959,0.0037,7.91,37.010000000000005,50,0,12.21,0
base,0.6,12.0,15.92,0.7959,0.0,7.67,35.59,49,1,9.26,0
base,0.6666666666666666,13.33,15.92,0.7959,0.0,7.91,37.16,49,1,9.39,0
base,0.6666666666666666,13.33,16.33,0.8163,0.0,7.91,37.56999999999999,50,0,9.67,0
base,0.7333333333333333,14.67,16.33,0.8163,0.0,8.14,39.14,50,0,10.74,0
thinking,0.8,16.0,16.33,0.8163,0.0,8.37,40.699999999999996,50,0,14.31,0
base,0.7333333333333333,14.67,16.33,0.8163,0.0,7.91,38.91,50,0,15.09,0
tools,0.8666666666666667,17.33,16.33,0.8163,0.0,8.6,42.26,50,0,14.2,0
fewshot,0.8666666666666667,17.33,16.33,0.8163,0.0,8.6,42.26,50,0,14.51,0
multiquery,0.8666666666666667,17.33,16.73,0.8367,0.0,8.84,42.900000000000006,50,0,16.96,0
phase6,0.8666666666666667,17.33,16.73,0.8367,0.0,8.84,42.900000000000006,50,0,16.94,0
